id_nodo,distrito,lat_mean,lon_mean,count
0,SAN MARTIN DE PORRES,-11.970479978476956,-77.10662022694662,3304
1,BARRANCA,-10.797101965569096,-77.73781860863478,796
2,SAN JUAN DE MIRAFLORES,-12.134195907524017,-76.96291183001888,2710
3,QUILMANA,-12.96588092936824,-76.40895691820009,147
4,ATE,-12.070123859014736,-76.9800169440323,1542
5,SAYAN,-11.212326066418191,-77.30923613003246,44
6,SAN JUAN DE LURIGANCHO,-11.913840952322886,-76.95647353795115,2173
7,ATE,-12.02930613618664,-76.82465661626404,3170
8,MALA,-12.679208114328157,-76.64411178251059,168
9,LURIN,-12.272015811258298,-76.86881891214806,1212
10,ANCON,-11.7322283483146,-77.13723386507712,593
11,SANTA MARIA,-11.118581351988942,-77.58447317264752,1166
12,SAN ISIDRO,-12.098552881967834,-77.03500579414599,2320
13,SANTA CRUZ DE COCACHACRA,-11.917344885658983,-76.53256214451568,58
14,CARABAYLLO,-11.831811790188171,-77.07618810673281,1356
15,COMAS,-11.940233575059235,-77.04870380314594,2397
16,VILLA EL SALVADOR,-12.192147809748123,-76.9598020019313,2513
17,SAN VICENTE DE CAÑETE,-13.190401541876401,-76.33823946304113,182
18,OYON,-10.81782816832972,-76.98156249920967,15
19,LOS OLIVOS,-11.987538754311489,-77.0669933219058,3214
20,CHANCAY,-11.523783541678172,-77.28432486267766,256
21,SAN BARTOLO,-12.389102029354229,-76.77559977645308,740
22,ATE,-12.043518463416529,-76.92055715025772,1324
23,PACARAN,-12.864912564717379,-76.0435918302884,74
24,SAN ANTONIO,-11.739681443857219,-76.70418857188068,137
25,BARRANCA,-10.692267337603736,-77.77310815300109,693
26,CHORRILLOS,-12.198944544650702,-77.0252834777637,2241
27,SAN JUAN DE LURIGANCHO,-11.966490727365187,-76.98811319591813,2620
28,RIMAC,-12.016622346621077,-77.02903978807205,3080
29,SAN MIGUEL,-12.061569555451646,-77.08000606058447,628
30,SANTIAGO DE SURCO,-12.130991155555554,-77.00420403080483,3199
31,VILLA MARIA DEL TRIUNFO,-12.159321459158337,-76.88839110887992,1447
32,VILLA EL SALVADOR,-12.242913037733187,-76.92243393462732,2601
33,IMPERIAL,-13.055652751003672,-76.35112704400002,1458
34,CARABAYLLO,-11.8721408226106,-77.02364394377894,1712
35,VEGUETA,-11.011772330194928,-77.5946459881381,289
36,CHICLA,-11.635840443888776,-76.220971045821,51
37,BREÑA,-12.066216228949536,-77.0562256556475,4543
38,SANTA ANITA,-12.036976026796648,-76.96085309652037,4074
39,CARABAYLLO,-11.758874183275985,-76.97702540873264,325
40,COMAS,-11.915682100034351,-77.02630880225533,2619
41,LA MOLINA,-12.083541654758752,-76.90157406352063,1334
42,YAUYOS,-12.230351476131048,-75.83031289606734,10
43,EL AGUSTINO,-12.05191654895267,-77.0034572178209,4308
44,PUENTE PIEDRA,-11.82209245657299,-77.09851325830063,1114
45,HUACHO,-11.311419786868836,-77.49519157230601,227
46,SAN MARTIN DE PORRES,-12.028553257853778,-77.06321021494931,2269
47,CANTA,-11.464126672527362,-76.79394533632059,29
48,SANTA EULALIA,-11.89513010970585,-76.65912795593171,76
49,SANTIAGO DE SURCO,-12.098011413965418,-76.96581046912851,2540
50,VILLA EL SALVADOR,-12.221114712150856,-76.93266815806969,2658
51,MATUCANA,-11.843595698118929,-76.38434208482478,148
52,CHACLACAYO,-11.973138073559975,-76.75503868008042,754
53,LOS OLIVOS,-11.947808367585221,-77.07223792445886,3198
54,SAN VICENTE DE CAÑETE,-13.266249107538762,-76.26776159123685,256
55,LINCE,-12.08662910874064,-77.02925527524867,4385
56,PUCUSANA,-12.48359120310705,-76.79127719589562,491
57,PARAMONGA,-10.382796778836607,-77.6796569179329,86
58,SANTIAGO DE SURCO,-12.151297665575733,-76.98565113024569,2655
59,ANCON,-11.779361093369946,-77.16783632106828,897
60,LIMA,-12.132091201488409,-76.76014039456885,101
61,SAN JUAN DE LURIGANCHO,-11.993625138495029,-77.00128453640649,2360
62,SUPE,-10.839471800685835,-77.62700190879072,108
63,LURIN,-12.278663203023228,-76.81473266422445,201
64,PUENTE PIEDRA,-11.898872267163732,-77.06938367530894,1145
65,BARRANCA,-10.735730666973073,-77.7699683197717,443
66,ASIA,-12.769208787513373,-76.52766332736618,210
67,SAN MARTIN DE PORRES,-11.99751254834439,-77.09403047743876,2754
68,SURQUILLO,-12.112638949764122,-77.01214418601803,2976
69,MIRAFLORES,-12.123597731962702,-77.02381500030552,5662
70,BARRANCA,-10.652258444047861,-77.64853554532293,149
71,ATE,-12.017449008958803,-76.87493461794656,2102
72,VILLA MARIA DEL TRIUNFO,-12.162747263794715,-76.95662150566807,2131
73,SAYAN,-11.149011470898891,-77.24463784343978,43
74,PACHACAMAC,-12.213214885103367,-76.87867843900618,497
75,EL AGUSTINO,-12.029255457880717,-76.99085308666713,3106
76,PUEBLO LIBRE,-12.075029723029585,-77.07134730412263,2776
77,PUENTE PIEDRA,-11.855838525480031,-77.06742580504675,1740
78,PACHANGARA,-10.85531669035418,-76.84416214550086,40
79,LOS OLIVOS,-11.97751311465448,-77.07714694775575,4491
80,VILLA MARIA DEL TRIUNFO,-12.160927741547157,-76.94130919228301,1558
81,HUARAL,-11.449011153093519,-77.24477011989256,73
82,CHILCA,-12.385430941755473,-76.49579614194556,33
83,SAN JUAN DE LURIGANCHO,-11.942332624403662,-77.0070359967943,2390
84,SAN ANTONIO,-11.735424317892312,-76.61052659585512,104
85,SAN VICENTE DE CAÑETE,-13.185877909916249,-76.23540669668688,361
86,CHILCA,-12.51171949199267,-76.74309049433985,545
87,INDEPENDENCIA,-11.96223352188833,-77.03821820081325,2874
88,LA MOLINA,-12.084136028837412,-76.92135211996059,1401
89,LIMA,-12.309524595254041,-76.79224861213446,551
90,SAN BORJA,-12.084657885780626,-77.00272323671636,2528
91,HUAROCHIRI,-12.125741193722806,-76.21502523527855,9
92,SUPE,-10.875656421845346,-77.5079768212441,161
93,YAUYOS,-12.612378381363937,-75.93433208602733,17
94,HUARAL,-11.199845067922347,-76.67459491715829,25
95,CERRO AZUL,-13.024805843948432,-76.470535548729,318
96,BARRANCA,-10.67558853724313,-77.8135543714294,1113
97,CARABAYLLO,-11.846716389083126,-76.99060157338292,1129
98,CHACLACAYO,-11.984704949076953,-76.80978476046275,943
99,HUANGASCAR,-12.91680360197475,-75.79882366502788,48
100,CHANCAY,-11.562055237310263,-77.26726959619164,274
101,SANTIAGO DE SURCO,-12.133533188403069,-76.98033220994382,2099
102,LA MOLINA,-12.07263631513271,-76.96126273432594,1896
103,VEGUETA,-10.958475999354809,-77.64645240161077,193
104,LURIN,-12.305384605198842,-76.83823247417953,638
105,LUNAHUANA,-12.968063896181842,-76.1428845540489,90
106,SAN JUAN DE LURIGANCHO,-11.965477884459895,-76.97207576759726,2144
107,CHORRILLOS,-12.216093268982581,-76.99998967433189,804
108,SAN ISIDRO,-12.09949819089212,-77.05575958612498,3249
109,CHORRILLOS,-12.17018539012606,-77.02356547648499,2323
110,VILLA EL SALVADOR,-12.223820443085645,-76.96269986689394,1013
111,BARRANCA,-10.845217953168142,-77.69217020656708,242
112,LOS OLIVOS,-11.935799165974185,-77.07722302382948,2254
113,HUACHO,-11.200119617810946,-77.56184537563199,218
114,LA VICTORIA,-12.074632528517768,-77.01074598672386,4410
115,LOS OLIVOS,-12.009779127190313,-77.07359601332091,2954
116,SAN MARTIN DE PORRES,-11.95862951054812,-77.09700982270647,3750
117,SAN JUAN DE LURIGANCHO,-11.969451226386292,-77.00820531137146,3005
118,SAN ANTONIO,-11.770332103806092,-76.80890795950653,164
119,CHANCAY,-11.484185073993585,-77.30665268044385,153
120,ASIA,-12.735416498230673,-76.60662875832547,359
121,LIMA,-12.085773628167516,-76.83309950817993,485
122,PACHACAMAC,-12.116306208694306,-76.87219117658606,1040
123,SANTA ANITA,-12.031426143880637,-76.94842185652006,2999
124,RIMAC,-12.038695502704249,-77.02306163072527,2439
125,LINCE,-12.085470451821113,-77.0408340778387,4167
126,HUARAL,-11.549850316727225,-77.18128738057041,145
127,HUAURA,-11.058092861374748,-77.00138986212127,17
128,BARRANCA,-10.540527461712845,-77.75634811815755,69
129,PUENTE PIEDRA,-11.828142503178393,-77.11295451526507,1440
130,SAN JUAN DE LURIGANCHO,-11.941076466126638,-76.96402814451899,1699
131,PACHACAMAC,-12.176658495804062,-76.86229233103678,294
132,SAN JUAN DE LURIGANCHO,-11.89251760718956,-76.96199146114503,2163
133,BARRANCA,-10.733378478577112,-77.6105087676878,64
134,CARABAYLLO,-11.839085463905962,-77.01211263668999,1070
135,ATE,-12.013821886651336,-76.82174403360149,3224
136,MIRAFLORES,-12.12227752995897,-77.03583096583469,4233
137,VILLA MARIA DEL TRIUNFO,-12.186676834060066,-76.9411424628332,2225
138,QUILMANA,-12.940649766857016,-76.3818727482111,431
139,LIMA,-11.995134916612095,-76.92142345682056,278
140,AMBAR,-10.767881776416074,-77.25509357237073,17
141,ATE,-12.042035456770595,-76.89583700394168,1656
142,INDEPENDENCIA,-11.979589308041932,-77.05675189951234,3891
143,PUENTE PIEDRA,-11.848621155321739,-77.08329335329857,1725
144,CARABAYLLO,-11.890451376454894,-77.02726438624997,1589
145,CHORRILLOS,-12.19046838821744,-76.99469679532895,2988
146,BARRANCO,-12.149698945347758,-77.01929550397999,3914
147,HUACHO,-11.355262428829128,-77.4417629928466,163
148,SAN VICENTE DE CAÑETE,-13.078271192606781,-76.383855067651,416
149,COMAS,-11.91425141117848,-77.05094085722024,2254
150,HUARAL,-11.495449896153039,-77.2086882999167,289
151,SANTA ROSA,-11.794327490393627,-77.15540268001224,450
152,ANCON,-11.68711707568521,-77.1781433368833,257
153,ASIA,-12.925087001476308,-76.50490566847455,94
154,SAN JUAN DE LURIGANCHO,-11.897825808956009,-76.94061744492014,1374
155,SANTIAGO DE SURCO,-12.107680955649633,-76.97437190445811,2328
156,PACHACAMAC,-12.149705566559822,-76.85916481858365,550
157,OYON,-10.664349884691147,-76.76613361312484,36
158,LIMA,-12.080171552071578,-76.75613621248885,290
159,SANTA ROSA DE QUIVES,-11.68617254822061,-76.91912323042426,129
160,COMAS,-11.903627300929907,-77.0402934157846,2334
161,LA MOLINA,-12.102917560393724,-76.94560707220552,2139
162,CARABAYLLO,-11.79190867013806,-76.98107265912535,513
163,VILLA MARIA DEL TRIUNFO,-12.216822287572,-76.90201136867658,2036
164,LIMA,-11.944798169546585,-76.70884498362304,504
165,CARABAYLLO,-11.878999889467861,-77.00364455577338,1178
166,ALIS,-12.288035605245636,-75.70730416852425,13
167,SAN MATEO,-11.781744116860224,-76.29714747539037,96
168,LOS OLIVOS,-12.002935248557545,-77.06314302868596,2403
169,SAN JUAN DE MIRAFLORES,-12.167074419963233,-76.97935773926619,2204
170,NUEVO IMPERIAL,-13.077154949039386,-76.27785277624707,199
171,YAUYOS,-12.324498613158639,-76.16546025178167,17
172,LA VICTORIA,-12.065759033898265,-77.01754527403303,3714
173,SAN MARTIN DE PORRES,-11.9839477507125,-77.09671070875848,2871
174,SAN JUAN DE LURIGANCHO,-11.951195716097015,-76.94505926775831,829
175,CARABAYLLO,-11.820554777765263,-77.04550798372715,894
176,SAN MARTIN DE PORRES,-11.951697209061182,-77.11436735732586,847
177,SAN JUAN DE LURIGANCHO,-11.958341620335815,-77.00424874654489,3142
178,CHORRILLOS,-12.204031627143895,-76.97832563674827,1989
179,COMAS,-11.911594609023819,-77.00919368041208,1898
180,SAN JUAN DE LURIGANCHO,-11.94867980243415,-76.980043976195,2668
181,SAYAN,-11.108494381995056,-77.33162328996517,68
182,HUALMAY,-11.089863551441097,-77.59893164071687,639
183,BARRANCA,-10.727034075370687,-77.73118470338564,254
184,ATE,-12.019845988914122,-76.80800876469551,3129
185,CHACLACAYO,-11.976161748520376,-76.7818097934103,1181
186,VILLA EL SALVADOR,-12.227196823406288,-76.94551490548005,2152
187,CALANGO,-12.526443699830141,-76.55781220396078,48
188,SAN JUAN DE LURIGANCHO,-12.013132080566153,-77.00569620986512,2204
189,SANTIAGO DE SURCO,-12.125810897280882,-76.99048609594354,2576
190,PUENTE PIEDRA,-11.845211822539445,-77.10468380701239,1905
191,CANTA,-11.448723450016274,-76.61366679605165,19
192,ATE,-12.030930884812651,-76.93020008390702,1888
193,CHILCA,-12.475382614477278,-76.74944307629234,546
194,LA MOLINA,-12.120802269564965,-76.9334563356824,906
195,CAJATAMBO,-10.427098950643327,-77.06850700781516,2
196,VILLA EL SALVADOR,-12.233805231608601,-76.91033976353887,2278
197,INDEPENDENCIA,-12.001529443630227,-77.04999324795794,3659
198,SAN MARTIN DE PORRES,-12.030721601126487,-77.05182847332745,2030
199,BREÑA,-12.057172966239168,-77.04539285085775,2716
200,SANTA ANITA,-12.047925280751144,-76.97075787440278,4414
201,BARRANCO,-12.135592182350928,-77.02156132617014,5475
202,HUARAL,-11.408959228134,-77.30016148705022,150
203,COMAS,-11.92959844504082,-77.05905019101219,2412
204,BARRANCA,-10.796909549778013,-77.71351419357266,688
205,SAN MIGUEL,-12.08170349874388,-77.0863371731754,2205
206,SAN ANTONIO,-11.742925831185321,-76.64954287227452,500
207,COAYLLO,-12.571870864426142,-76.32147938706393,8
208,SAN ANTONIO,-11.699300480598994,-76.67978835473924,263
209,SAN MARTIN DE PORRES,-12.030417323293701,-77.08849791025112,1851
210,CARABAYLLO,-11.703953890467771,-76.98213720931703,201
211,CHILCA,-12.395401531579246,-76.71939739478113,239
212,CERRO AZUL,-12.979397324868017,-76.49940629218779,183
213,SAN JUAN DE LURIGANCHO,-12.028278973348472,-77.00919857602824,2326
214,JESUS MARIA,-12.071500109638375,-77.0430449359011,3829
215,SAN JUAN DE LURIGANCHO,-12.018131975976797,-76.96572647199925,2213
216,SAN JUAN DE LURIGANCHO,-11.982421667640596,-77.01774811553287,2137
217,LOS OLIVOS,-11.962408609835324,-77.07857826653901,4007
218,SUPE,-10.787833575782043,-77.57190388585933,108
219,LOS OLIVOS,-12.007166873039933,-77.08259755427623,2684
220,VEGUETA,-11.015181251235076,-77.63557728689332,322
221,SAN MARTIN DE PORRES,-11.990776377457934,-77.10880866409283,2945
222,VILLA MARIA DEL TRIUNFO,-12.165075652073735,-76.91963776613082,1801
223,SAN VICENTE DE CAÑETE,-13.14394880104714,-76.37059053570273,166
224,MAGDALENA DEL MAR,-12.091638767896482,-77.07088629685433,2245
225,NUEVO IMPERIAL,-13.014087000444713,-76.33472855417037,282
226,SANTA MARIA,-11.115225963801558,-77.5503375218775,246
227,HUAROCHIRI,-12.031027673907468,-76.47003056973276,13
228,ASIA,-12.787477319638873,-76.56832843054772,195
229,CHORRILLOS,-12.18813961776969,-77.01725615748705,2153
230,SAN JUAN DE MIRAFLORES,-12.174424598443512,-76.96386539104705,2384
231,GORGOR,-10.621056126020397,-77.02175593639205,22
232,CARAMPOMA,-11.640414135434444,-76.51061267992463,28
233,PUNTA HERMOSA,-12.332849329480776,-76.8223755324283,405
234,BARRANCA,-10.661278611263498,-77.70404403100521,470
235,HUARAL,-11.482512008542079,-77.11210486549587,64
236,HUACHO,-11.135925807730455,-77.60157810332717,1033
237,SANTO DOMINGO DE LOS OLLEROS,-12.21772484947105,-76.4567400450981,27
238,VILLA EL SALVADOR,-12.205410347928003,-76.93326945483581,2376
239,RICARDO PALMA,-11.924542176995919,-76.61583125915949,153
240,HUARAL,-11.620089510393495,-77.20746041024387,126
241,LA VICTORIA,-12.086230130620441,-77.01618580049225,5090
242,LOS OLIVOS,-11.949768357318247,-77.08465753007728,3171
243,SANTA ANITA,-12.048094195491696,-76.95597034282805,2927
244,HUARAL,-11.218111185052583,-76.91447458624808,24
245,PUENTE PIEDRA,-11.86542597056393,-77.08775377512244,1923
246,ANCON,-11.76222215055238,-77.15635757104131,696
247,MALA,-12.660748197198965,-76.6218134413896,703
248,CARABAYLLO,-11.850021179363564,-77.03343506456174,1293
249,PACHANGARA,-10.807009265283407,-76.88666936707106,47
250,LIMA,-12.088623309244102,-76.86853335529275,1166
251,SAN JUAN DE MIRAFLORES,-12.157703683510189,-76.9693549117866,1960
252,HUALMAY,-11.103293767517206,-77.6114602031626,932
253,SAN JUAN DE MIRAFLORES,-12.124990822702888,-76.9545831308766,1632
254,SAN MARTIN DE PORRES,-12.013571080150799,-77.05342447113298,2356
255,ATE,-12.029865249229111,-76.90921487421404,2161
256,MIRAFLORES,-12.110417843656345,-77.02979121824468,5138
257,CATAHUASI,-12.768916722301213,-75.90499435626897,39
258,CHANCAY,-11.499854070025451,-77.2915488491962,272
259,LA VICTORIA,-12.067855455079606,-77.00005553406345,4844
260,SAN JUAN DE LURIGANCHO,-11.980778695166384,-76.98797470952891,2262
261,COMAS,-11.924984700196664,-77.04022409920053,3394
262,VILLA MARIA DEL TRIUNFO,-12.148600177013972,-76.95477676182071,2078
263,SAN JUAN DE LURIGANCHO,-11.87591032628885,-76.95045637787779,1043
264,LOS OLIVOS,-11.96650422360548,-77.06374681641184,2252
265,VILLA MARIA DEL TRIUNFO,-12.147041818588018,-76.93535828946061,1575
266,SAN BORJA,-12.10030671672577,-77.00186282325726,2085
267,EL AGUSTINO,-12.037050642092904,-76.99885978928893,3417
268,SANTIAGO DE SURCO,-12.140331029588129,-76.99401587876012,3124
269,SANTA ANITA,-12.042927280047593,-76.98363571814268,3482
270,CARABAYLLO,-11.869659814761896,-77.0463599162659,1452
271,VILLA MARIA DEL TRIUNFO,-12.14783399905646,-76.90455349498643,1454
272,CARABAYLLO,-11.784404394323767,-76.95123074295816,331
273,SANTA CRUZ DE FLORES,-12.59761086600243,-76.62151785911416,121
274,SAN JUAN DE LURIGANCHO,-11.908081512621278,-76.97309882157833,2033
275,SAN JUAN DE MIRAFLORES,-12.189139346460745,-76.97793070210166,2636
276,SAYAN,-11.212979087545358,-77.41894580905382,82
277,LA VICTORIA,-12.064960834995855,-77.02862970066475,3535
278,PUENTE PIEDRA,-11.934160608205532,-77.0935146159252,1239
279,MIRAFLORES,-12.124239102465994,-77.01146283456154,4389
280,VILLA MARIA DEL TRIUNFO,-12.223665256987555,-76.91773636204834,2395
281,INDEPENDENCIA,-11.99112243176885,-77.05236484972086,3283
282,IMPERIAL,-13.046300189762887,-76.37385680129526,555
283,SAN LUIS,-12.07890598200107,-76.98987430882269,2574
284,INDEPENDENCIA,-11.979679583519951,-77.03927126309185,2662
285,SAN JUAN DE LURIGANCHO,-12.009320314244286,-76.98947701975487,2286
286,HUARAL,-11.321605814325828,-76.81054882869405,24
287,SAN VICENTE DE CAÑETE,-13.22164183273474,-76.31361313974622,209
288,LA MOLINA,-12.084078979978328,-76.93896238847552,976
289,LIMA,-12.140088937626066,-76.80714809225117,385
290,SAN DAMIAN,-11.896734287705003,-76.25595660720444,16
291,LOS OLIVOS,-11.922774919533891,-77.07477246935657,2094
292,AYAUCA,-12.59105384587689,-76.05326642408099,21
293,SANTA ROSA DE QUIVES,-11.666555780411146,-76.80300322135736,24
294,CARABAYLLO,-11.818603481995117,-76.99500525427919,557
295,MIRAFLORES,-12.113423015636918,-77.0449240924343,4042
296,BARRANCA,-10.801247444867714,-77.67713928787951,107
297,PACHACAMAC,-12.22277843222366,-76.84402183836026,729
298,SAN JUAN DE LURIGANCHO,-11.914480676095549,-76.93920676861873,1045
299,CHANCAY,-11.588554465449977,-77.25969080161433,410
300,SAYAN,-11.131133063967761,-77.18573330103862,104
301,BREÑA,-12.055129456306044,-77.05328475069871,3444
302,JESUS MARIA,-12.081428583589636,-77.05056530199798,3129
303,SANTIAGO DE SURCO,-12.119591479175538,-76.97537094601799,2410
304,LURIN,-12.293174677878847,-76.85262597238678,866
305,CARABAYLLO,-11.858005256702658,-77.01013693735932,1436
306,LURIN,-12.26773839380024,-76.83492562475946,896
307,SAN JUAN DE LURIGANCHO,-11.9985858553763,-77.01477340056647,2104
308,LIMA,-12.108678226180897,-76.81791697361895,335
309,BARRANCA,-10.608619471023857,-77.76728459717064,101
310,ATE,-12.007916094110023,-76.85361508365447,1214
311,PUENTE PIEDRA,-11.919098844587934,-77.0892763295646,1259
312,VILLA MARIA DEL TRIUNFO,-12.21100551344741,-76.91418046155876,1471
313,MALA,-12.706945345566497,-76.61890180946219,429
314,LIMA,-11.984445645194256,-76.94504331562858,471
315,CHECRAS,-10.909096532632892,-76.88505558411053,21
316,SURQUILLO,-12.116456509169884,-77.00014691507602,3504
317,SAYAN,-11.24397418187275,-77.36261341527634,209
318,SANTIAGO DE SURCO,-12.16473159609085,-76.99210697798387,3033
319,LA MOLINA,-12.064535943831409,-76.94511080627798,1923
320,SAN MARTIN DE PORRES,-12.019061835425061,-77.08225940307275,2691
321,SAN MARTIN DE PORRES,-11.971585881991722,-77.09099807728428,2903
322,IMPERIAL,-13.076223193450849,-76.33268627377764,466
323,VILLA MARIA DEL TRIUNFO,-12.17678217104476,-76.95118963433777,2608
324,SAN ANTONIO,-11.773972833041906,-76.61455635019726,169
325,PACHACAMAC,-12.098291647191465,-76.88514249914728,1397
326,CHORRILLOS,-12.204702698675492,-77.01168326579574,2323
327,CHILCA,-12.53902430050788,-76.7220098269704,157
328,CARABAYLLO,-11.839758334569796,-77.05220749569078,1345
329,VILLA EL SALVADOR,-12.212326578612233,-76.9486147085503,2844
330,LIMA,-11.81625400431137,-77.16023275075858,835
331,CARABAYLLO,-11.759123272797341,-76.89324795658683,68
332,VILLA EL SALVADOR,-12.197940586578637,-76.94807143545584,2559
333,CHANCAY,-11.44335465810101,-77.35441517687298,61
334,SAN JUAN DE LURIGANCHO,-11.940576077569402,-76.99195189161851,1949
335,AMBAR,-10.870547182222444,-77.17658503078121,13
336,LURIN,-12.252170435639234,-76.89583295116432,549
337,SANTIAGO DE SURCO,-12.14544114963719,-77.00915278637538,2767
338,LIMA,-12.361889297916754,-76.7940114362318,360
339,ATE,-12.02271758300274,-76.89256835701892,1351
340,VILLA MARIA DEL TRIUNFO,-12.137277393583451,-76.9460846961115,2130
341,CHORRILLOS,-12.17894737947725,-77.00670394896161,1820
342,INDEPENDENCIA,-11.976273718072104,-77.04679392616315,3317
343,SAN VICENTE DE CAÑETE,-13.218612908446588,-76.27178800059212,346
344,SAN VICENTE DE CAÑETE,-13.168709022287272,-76.32161025873845,234
345,ATE,-11.995174420678879,-76.83024143624041,1440
346,SANTA MARIA,-11.085727396560468,-77.57574860890763,271
347,SAN JUAN DE LURIGANCHO,-11.927936147904589,-76.99281519198462,1363
348,SAN JUAN DE LURIGANCHO,-11.933359790555567,-76.94891890372504,1185
349,ATE,-12.015765944825812,-76.84031704526325,1556
350,SAN ISIDRO,-12.100041031984409,-77.01913711316004,2570
351,SAN LORENZO DE QUINTI,-12.06619909244344,-76.04503673584978,16
352,CANTA,-11.540181060347209,-76.66399903582811,24
353,LOS OLIVOS,-11.991498208143964,-77.08015918677636,3696
354,CHANCAY,-11.532925844630228,-77.25449536516598,319
355,YAUYOS,-12.462545853904674,-75.69732439544048,9
356,CHILCA,-12.445377931914663,-76.74746399679293,212
357,CHILCA,-12.482762312958194,-76.6916810925504,81
358,SAN JUAN DE LURIGANCHO,-11.954508903456743,-76.99271751301352,2374
359,LIMA,-12.299757999843312,-76.76160368012007,361
360,SAN JUAN DE MIRAFLORES,-12.14439303459578,-76.97062444287725,2304
361,SAN ANTONIO,-11.764163334162069,-76.72040636279851,95
362,SAN VICENTE DE CAÑETE,-13.29006240459408,-76.23731941627736,258
363,SANTA LEONOR,-10.930231956304905,-76.75627407309595,15
364,SANTA EULALIA,-11.92261835477293,-76.66508752970456,522
365,ANCON,-11.738568111123989,-77.15357803021145,945
366,VILLA MARIA DEL TRIUNFO,-12.175358441131596,-76.93186789613917,1980
367,PUENTE PIEDRA,-11.87898105673573,-77.06703342163802,2002
368,SAN ANTONIO,-11.905543512739083,-76.86300447271292,29
369,SAN MIGUEL,-12.072446939053114,-77.09906054864959,2877
370,ATE,-12.046479449793367,-76.93506192979486,1236
371,SAN BORJA,-12.11116512063103,-76.98883549632663,2070
372,ATE,-12.035535099660912,-76.87726097318838,1198
373,RIMAC,-12.010484959408187,-77.03504287089756,1841
374,ASIA,-12.833510438902707,-76.5332138708131,49
375,LURIN,-12.23294465039317,-76.88824354471376,1220
376,VEGUETA,-10.927707016872334,-77.64811063962918,145
377,ANCON,-11.813267163040468,-77.13256762539514,949
378,LA VICTORIA,-12.077198533937489,-77.02305071250021,5108
379,JESUS MARIA,-12.085151342973358,-77.05991316531639,3274
380,BARRANCA,-10.764897835712217,-77.64915652749588,142
381,LIMA,-11.98107229570436,-76.90519610559073,390
382,CIENEGUILLA,-12.068903515270609,-76.78157208531087,132
383,COMAS,-11.897286798790903,-77.05239080230001,2042
384,RIMAC,-12.034268567497758,-77.0391741882176,3152
385,BARRANCA,-10.869743618278566,-77.67867576946534,238
386,QUILMANA,-12.957286665835634,-76.32935375928423,91
387,CHICLA,-11.705395427369679,-76.26316141540508,43
388,BARRANCA,-10.750768656825818,-77.75483125648849,957
389,HUACHO,-11.17840662761023,-77.51100983664303,49
390,COMAS,-11.951828203324357,-77.05659039691311,2760
391,VILLA EL SALVADOR,-12.236835651049672,-76.93704543799772,1790
392,SAN BORJA,-12.093208812325715,-76.9883475138599,2052
393,PACHANGARA,-10.77429279768679,-76.82301128891321,41
394,SAN JUAN DE LURIGANCHO,-11.933661938672468,-76.97486377420863,1823
395,IMPERIAL,-13.003086681964351,-76.38023189343828,156
396,COMAS,-11.942533180885084,-77.03444870879694,1514
397,SAN MARTIN DE PORRES,-12.029362267963297,-77.07575739858453,2093
398,RIMAC,-12.027264594019334,-77.02963043810553,3299
399,VILLA MARIA DEL TRIUNFO,-12.190334858883167,-76.92544345230208,1793
